"id","user_id","task_id","finished","time_spent","update_time","grade","feedback"
"2","4805","101","0","NULL","2018-09-26 12:13:14","50",""
"4","4763","101","1","NULL","2018-09-26 16:06:02","50",""
"5","4827","101","1","NULL","2018-09-26 19:04:27","50",""
"6","2964","101","1","NULL","2018-09-26 19:32:49","50",""
"7","4262","101","1","NULL","2018-09-26 23:58:23","50",""
"8","4784","101","1","NULL","2018-09-27 14:41:26","50",""
"9","4782","101","1","NULL","2018-09-27 17:29:48","50",""
"10","4786","101","1","NULL","2018-09-27 18:02:47","50",""
"11","4785","101","1","NULL","2018-09-27 18:03:08","50",""
"12","4837","101","1","NULL","2018-09-27 20:52:11","50",""
"13","4823","101","1","NULL","2018-09-28 00:05:53","50",""
"14","4794","101","1","NULL","2018-09-28 00:31:02","50",""
"15","4807","101","1","NULL","2018-09-28 00:39:15","45",""
"16","4803","101","1","NULL","2018-09-28 00:43:51","50",""
"17","4808","101","1","NULL","2018-09-28 01:45:13","50",""
"18","4836","101","1","NULL","2018-09-28 03:08:47","50",""
"19","4814","101","1","NULL","2018-09-28 11:13:57","50",""
"20","3856","101","1","NULL","2018-09-28 14:31:09","50",""
"21","4822","101","1","NULL","2018-09-28 15:21:30","50",""
"22","4695","101","1","NULL","2018-09-28 15:39:56","50",""
"23","4788","101","1","NULL","2018-09-28 23:16:14","45",""
"24","4824","101","1","NULL","2018-09-28 23:20:37","45",""
"25","4798","101","1","NULL","2018-09-28 23:21:15","50",""
"26","4840","101","1","NULL","2018-09-28 23:27:04","50",""
"27","4801","101","1","NULL","2018-09-28 23:35:08","50",""
"28","4812","101","1","NULL","2018-09-28 23:43:14","50",""
"29","4764","101","1","NULL","2018-09-28 23:45:45","50",""
"30","4828","101","1","NULL","2018-09-28 23:46:48","35",""
"31","4783","101","1","NULL","2018-09-28 23:53:38","50",""
"32","4802","101","1","NULL","2018-09-28 23:55:41","50",""
"33","4818","101","1","NULL","2018-09-28 23:58:11","45",""
"34","4800","101","1","NULL","2018-09-28 23:58:39","45",""
"35","4843","101","1","NULL","2018-09-28 23:58:52","50",""
"36","4825","101","1","NULL","2018-09-28 23:59:17","50",""
"37","4809","101","1","NULL","2018-09-28 23:59:33","50",""
"38","18","101","1","NULL","2018-09-30 11:05:21","50",""
"39","18","102","1","NULL","2018-10-10 15:23:29","50",""
"40","4826","101","1","NULL","2018-10-10 11:01:56","50",""
"41","4844","101","1","NULL","2018-10-10 17:35:31","50",""
"42","4826","102","1","NULL","2018-10-11 13:10:15","20","The main goal of this project is task 2.2, which you missed. "
"43","4814","102","1","NULL","2018-10-11 18:45:14","20","For task 2.2, you should use nat SNAT and DNAT, which is main goal of this task"
"44","4844","102","1","NULL","2018-10-11 22:29:14","40","You should use FORWARD instead of  INPUT and OUTPUT chain, not sure how it worked, did you have another FORWARD rule?"
"45","2964","102","1","NULL","2018-10-12 11:28:29","35","You should use FORWARD instead of  INPUT and OUTPUT chain, not sure how it worked, did you have another FORWARD rule? Also, your PREROUTING rule is to board and not secure, need to specific port number"
"46","4774","102","1","NULL","2018-10-12 12:04:24","20","For task 2.2, you should use nat SNAT and DNAT, which is main goal of this task"
"47","4811","102","1","NULL","2018-10-12 13:06:34","20","For task 2.2, you should use nat SNAT and DNAT, which is main goal of this task"
"48","4822","102","1","NULL","2018-10-12 13:06:45","20","For task 2.2, you should use nat SNAT and DNAT, which is main goal of this task"
"49","3856","102","1","NULL","2018-10-12 14:22:29","20","For task 2.2, you should use nat SNAT and DNAT, which is main goal of this task"
"50","4842","102","1","NULL","2018-10-12 15:03:27","50",""
"51","4821","102","1","NULL","2018-10-12 15:41:21","45","DNS part should also use nat table and Forward"
"52","4807","102","1","NULL","2018-10-12 16:56:46","25","You need to use both FORWARD and nat table for task 2.3 to task 2.5. DNS zone file also missing a list of domains, please check Prof's solution."
"53","4818","102","1","NULL","2018-10-12 23:50:17","20","For task 2.2, you should use nat SNAT and DNAT, which is main goal of this task"
"54","4784","102","1","NULL","2018-10-12 23:53:30","45","There are some useless FORWARD Chain rules."
"55","4782","102","1","NULL","2018-10-12 23:53:39","45","Forward Chain rule to general, allowed any traffic. Same for POSTROUTING chain, MASQUERADE is too wide."
"56","4785","102","1","NULL","2018-10-12 23:53:42","45","Forward Chain rule to general, allowed any traffic. Same for POSTROUTING chain, MASQUERADE is too wide."
"57","4798","102","1","NULL","2018-10-12 23:56:39","35","Missing Prerouting rules, which is the main reason other parts not working."
"58","4828","102","1","NULL","2018-10-12 23:58:15","20","Should use Forward and NAT instead of INPUT and OUTPUT."
"59","4783","102","1","NULL","2018-10-12 23:59:02","30","Rules too general, should specific ports."
"60","4800","102","1","NULL","2018-10-12 23:59:10","20","Should use Forward and NAT rules."
"61","4825","102","1","NULL","2018-10-12 23:59:22","50",""
"62","4809","102","1","NULL","2018-10-12 23:59:28","50",""
"63","4843","102","1","NULL","2018-10-12 23:59:33","50",""
"64","4801","102","1","NULL","2018-10-12 23:59:50","20","For task 2.2, you should use nat SNAT and DNAT, which is main goal of this task"
"65","4817","102","1","NULL","2018-10-12 23:59:53","25","Only DNS part finished."
"66","4824","102","1","NULL","2018-10-13 00:00:11","50",""
"67","4787","102","1","NULL","2018-10-13 00:01:11","50",""
"68","4794","102","1","NULL","2018-10-13 00:54:26","50",""
"69","4789","102","1","NULL","2018-10-13 01:28:44","50",""
"70","4803","102","1","NULL","2018-10-13 01:35:46","60",""
"71","4791","102","1","NULL","2018-10-13 01:36:45","25","You'll PREROUTING and FORWARD  rules to make it work"
"72","4262","102","1","NULL","2018-10-13 03:04:07","50",""
"73","4695","102","1","NULL","2018-10-13 13:11:18","50",""
"74","4833","102","1","NULL","2018-10-13 13:15:58","50",""
"75","4808","102","1","NULL","2018-10-13 13:16:01","50",""
"76","4823","102","1","NULL","2018-10-13 13:16:45","50",""
"77","4804","102","1","NULL","2018-10-13 13:17:46","50",""
"78","4832","102","1","NULL","2018-10-13 13:18:36","50",""
"79","4829","102","1","NULL","2018-10-13 14:35:44","50",""
"80","4805","102","1","NULL","2018-10-13 14:42:47","20","For task 2.2, you should use nat SNAT and DNAT, which is main goal of this task"
"81","4786","102","1","NULL","2018-10-13 16:07:30","50",""
"82","4802","102","1","NULL","2018-10-13 17:54:38","45","DNS should be set to 10.0 IP to hide the 172 ip of server"
"83","4839","102","1","NULL","2018-10-14 02:29:09","45","Should be more specific on port number in your NAT table rules."
"84","4839","101","1","NULL","2018-10-14 02:29:35","45",""
"85","4827","102","1","NULL","2018-10-14 02:30:58","48","Should be more specific on port number in your NAT table rules."
"86","4764","102","1","NULL","2018-10-14 02:31:55","60",""
"87","4719","101","1","NULL","2018-10-14 02:37:01","0","NULL"
"88","4805","101","1","NULL","2018-10-14 02:38:46","50",""
"89","4817","101","1","NULL","2018-10-14 02:43:41","50",""
"90","4833","101","1","NULL","2018-10-16 14:23:45","50",""
"91","4815","101","1","NULL","2018-10-16 14:34:02","50",""
"92","4815","102","1","NULL","2018-10-16 14:34:15","50",""
"93","4804","101","1","NULL","2018-10-16 14:36:27","50",""
"94","4781","101","1","NULL","2018-10-16 14:38:17","50",""
"95","4781","102","1","NULL","2018-10-16 14:38:30","40","Missing nat rules for 21 and 22"
"96","4832","101","1","NULL","2018-10-16 14:40:55","50",""
"97","4792","101","1","NULL","2018-10-16 14:44:32","50",""
"98","4792","102","1","NULL","2018-10-16 14:44:43","50",""
"99","4774","101","1","NULL","2018-10-16 14:46:45","50",""
"100","4821","101","1","NULL","2018-10-16 14:48:43","45",""
"101","4797","101","1","NULL","2018-10-16 14:51:03","50",""
"102","4797","102","1","NULL","2018-10-16 14:51:17","40","Should be more specific on port number in your NAT table rules."
"103","4836","102","1","NULL","2018-10-16 14:57:20","40","Need to use NAT table for ftp too"
"104","4829","101","1","NULL","2018-10-16 15:04:42","50",""
"105","4787","101","1","NULL","2018-10-16 15:08:51","50",""
"106","4780","102","1","NULL","2018-10-16 15:12:38","40","NULL"
"107","4789","101","1","NULL","2018-10-16 15:14:50","50",""
"108","4813","101","1","NULL","2018-10-16 15:21:32","45","Missing Nslookup result"
"109","4791","101","1","NULL","2018-10-16 22:13:13","40",""
"110","4845","101","1","NULL","2018-10-16 22:15:01","45",""
"111","4845","102","1","NULL","2018-10-16 22:15:01","45","DNS records need to update to hide all 172.16 ips."
"112","4842","101","1","NULL","2018-10-17 15:30:17","50","NULL"
"113","4324","101","1","NULL","2018-10-19 04:46:23","45","Missing Nslookup result in 2.c"
"114","4324","102","1","NULL","2018-10-19 04:46:37","30","Rules looks right, but missing a lot of screenshots"
"115","4844","103","1","NULL","2018-10-24 01:30:29","50",""
"116","4763","102","1","NULL","2018-10-24 14:10:58","40","Ftp also needs to use NAT table"
"117","4836","103","1","NULL","2018-10-24 15:30:19","50",""
"118","4763","103","1","NULL","2018-10-24 15:42:10","50",""
"119","4826","103","1","NULL","2018-10-25 11:07:55","50",""
"120","4695","103","1","NULL","2018-10-25 19:50:50","49","68 udp should not be exposed"
"121","2964","103","1","NULL","2018-10-26 00:16:24","50",""
"122","4782","103","1","NULL","2018-10-26 12:08:20","49","68 and 5353 udp should not be exposed"
"123","4808","103","1","NULL","2018-10-26 12:09:08","50",""
"124","4781","103","1","NULL","2018-10-26 12:31:32","50",""
"125","4833","103","1","NULL","2018-10-26 12:56:38","50",""
"126","4822","103","1","NULL","2018-10-26 13:18:51","50",""
"127","4774","103","1","NULL","2018-10-26 13:30:56","50",""
"128","4805","103","1","NULL","2018-10-26 14:27:24","50",""
"129","4804","103","1","NULL","2018-10-26 14:36:06","50",""
"130","4785","103","1","NULL","2018-10-26 15:51:49","50",""
"131","4784","103","1","NULL","2018-10-26 15:52:35","50","68 and 5353 should be blocked"
"132","4786","103","1","NULL","2018-10-26 15:55:22","50",""
"133","4837","103","1","NULL","2018-10-26 15:58:34","50",""
"134","4799","103","1","NULL","2018-10-26 16:11:15","50",""
"135","4842","103","1","NULL","2018-10-26 16:12:49","50",""
"136","4839","103","1","NULL","2018-10-26 16:27:13","50",""
"137","4780","103","1","NULL","2018-10-26 17:17:25","50",""
"138","4829","103","1","NULL","2018-10-26 17:23:52","50",""
"139","4797","103","1","NULL","2018-10-26 17:56:47","50",""
"140","4845","103","1","NULL","2018-10-26 18:02:35","40","Your 53 21 and 80 port should be open"
"141","4830","103","1","NULL","2018-10-26 18:22:20","40","21, 22, 53, 80 not open"
"142","4262","103","1","NULL","2018-10-26 19:08:12","50",""
"143","4794","103","1","NULL","2018-10-26 19:33:44","50",""
"144","4793","103","1","NULL","2018-10-26 19:48:03","25","You script is right....but you command is totally different in the screenshots...."
"145","4796","103","1","NULL","2018-10-26 19:50:02","50",""
"146","4803","103","1","NULL","2018-10-26 20:03:37","50",""
"147","4811","103","1","NULL","2018-10-26 20:03:42","50",""
"148","4807","103","1","NULL","2018-10-26 20:10:19","50",""
"149","4827","103","1","NULL","2018-10-26 20:14:35","50",""
"150","4821","103","1","NULL","2018-10-26 20:32:52","40","21 53 and 80 are not open correctly"
"151","4819","103","1","NULL","2018-10-26 20:38:10","50",""
"152","4791","103","1","NULL","2018-10-26 20:38:48","50",""
"153","4823","103","1","NULL","2018-10-26 20:55:17","50",""
"154","4815","103","1","NULL","2018-10-26 21:25:22","40","port 21 53 and 80 are not open correctly"
"155","4789","103","1","NULL","2018-10-26 21:56:24","50",""
"156","18","103","1","NULL","2018-10-26 22:16:37","50",""
"157","4788","103","1","NULL","2018-10-26 22:18:10","40","No port open"
"158","4798","103","1","NULL","2018-10-26 22:27:16","50",""
"159","3856","103","1","NULL","2018-10-26 22:31:10","50",""
"160","4824","103","1","NULL","2018-10-26 22:35:04","48","port 21 not open correctly"
"161","4817","103","1","NULL","2018-10-26 22:44:21","40","No port open in your result."
"162","4825","103","1","NULL","2018-10-26 23:03:10","42","port 21 22 and 43 not open correctly"
"163","4835","103","1","NULL","2018-10-26 23:10:40","25","....No scan result at all"
"164","4816","103","1","NULL","2018-10-26 23:14:49","50",""
"165","4787","103","1","NULL","2018-10-26 23:31:54","50",""
"166","4809","103","1","NULL","2018-10-26 23:32:08","42","Port 21 22 53 not open correctly"
"167","4818","103","1","NULL","2018-10-26 23:36:25","40","port 21 53 and 80 not open correctly"
"168","4762","103","1","NULL","2018-10-26 23:39:24","48","udp port  53 not open correctly"
"169","4790","103","1","NULL","2018-10-26 23:40:16","40","What ports are open? missing from you result."
"170","4764","103","1","NULL","2018-10-26 23:40:23","50",""
"171","4812","103","1","NULL","2018-10-26 23:40:44","45","why you only scan port 10 to 22? 53 and 80 both need to be check, we asked for 10-40000"
"172","4800","103","1","NULL","2018-10-26 23:42:59","40","No ports open in your result, seems you don't have access to 172.16.0.9. are you using the right IP?"
"173","4801","103","1","NULL","2018-10-26 23:46:10","40","No port open in your result"
"174","4828","103","1","NULL","2018-10-26 23:52:48","40","No ports open in your result"
"175","4832","103","1","NULL","2018-10-26 23:55:11","50",""
"176","4802","103","1","NULL","2018-10-26 23:55:12","50",""
"177","4783","103","1","NULL","2018-10-26 23:56:46","40","No ports open in your result."
"178","4799","102","1","NULL","2018-10-31 14:11:08","50",""
"179","4799","101","1","NULL","2018-10-31 14:11:19","50",""
"180","4796","102","1","NULL","2018-10-31 14:16:23","50",""
"181","4796","101","1","NULL","2018-10-31 14:16:23","50",""
"182","4814","103","1","NULL","2018-10-31 14:18:52","50",""
"183","4788","102","1","NULL","2018-10-31 14:23:37","20","You need to add Forward and PRERouting  rules to make it work."
"184","4837","102","1","NULL","2018-10-31 14:28:03","50",""
"185","4816","102","1","NULL","2018-10-31 14:30:38","45","You should be more specific on your rules. (to specify ports  21,22,53,80 and block all other ports )"
"187","4805","100","1","NULL","2018-11-02 19:35:32","0","NULL"
"188","4833","100","1","NULL","2018-11-03 16:21:37","0","NULL"
"189","4826","100","1","NULL","2018-11-05 09:00:22","0","NULL"
"190","18","100","1","NULL","2018-11-05 09:08:51","0","NULL"
"191","18","104","0","NULL","2018-11-05 09:16:06","0","NULL"
"192","4826","104","1","NULL","2018-11-05 09:56:10","60","bonus 5"
"193","4695","100","1","NULL","2018-11-06 15:58:03","0","NULL"
"194","4774","100","1","NULL","2018-11-06 16:59:00","0","NULL"
"195","4774","104","1","NULL","2018-11-06 16:59:08","55","bonus 3, missing screenshots that prove the access control works"
"196","4262","100","1","NULL","2018-11-06 17:45:06","0","NULL"
"197","4811","101","1","NULL","2018-11-06 18:11:30","45","Missing nslookup result of 1.2c"
"198","4843","103","1","NULL","2018-11-06 18:14:03","50",""
"199","4832","100","1","NULL","2018-11-07 13:17:59","0","NULL"
"200","4836","100","1","NULL","2018-11-07 13:42:25","0","NULL"
"201","4763","100","1","NULL","2018-11-07 14:15:24","0","NULL"
"202","4763","104","1","NULL","2018-11-07 14:15:44","60","5 bonus points"
"203","4836","104","1","NULL","2018-11-07 14:35:07","60","5 bonus"
"204","4814","100","1","NULL","2018-11-07 14:46:44","0","NULL"
"205","4814","104","1","NULL","2018-11-07 14:47:47","60",""
"206","4832","104","1","NULL","2018-11-07 15:23:50","60",""
"207","4806","100","1","NULL","2018-11-07 15:36:10","0","NULL"
"208","4806","104","1","NULL","2018-11-07 15:37:27","60",""
"209","4829","100","1","NULL","2018-11-08 13:53:19","0","NULL"
"210","4829","104","1","NULL","2018-11-08 13:53:49","50",""
"211","4324","100","1","NULL","2018-11-08 14:18:00","0","NULL"
"212","4805","104","1","NULL","2018-11-08 17:24:08","50",""
"213","2964","100","1","NULL","2018-11-08 18:05:25","0","NULL"
"214","2964","104","1","NULL","2018-11-08 18:05:45","50",""
"215","4801","100","1","NULL","2018-11-08 20:41:47","0","NULL"
"216","4781","100","1","NULL","2018-11-08 21:45:18","0","NULL"
"217","4837","100","1","NULL","2018-11-08 22:04:54","0","NULL"
"218","4837","104","1","NULL","2018-11-08 22:06:14","60",""
"219","4804","100","1","NULL","2018-11-08 22:12:15","0","NULL"
"220","4796","100","1","NULL","2018-11-08 22:22:57","0","NULL"
"221","4796","104","1","NULL","2018-11-08 22:23:17","60",""
"222","4781","104","1","NULL","2018-11-08 22:41:33","60",""
"223","4783","100","1","NULL","2018-11-08 23:21:04","0","NULL"
"224","4783","104","1","NULL","2018-11-08 23:21:14","50",""
"225","4801","104","1","NULL","2018-11-08 23:26:05","50",""
"226","4844","100","1","NULL","2018-11-09 02:48:58","0","NULL"
"227","4808","100","1","NULL","2018-11-09 06:15:16","0","NULL"
"228","4821","100","1","NULL","2018-11-09 10:32:00","0","NULL"
"229","4780","100","1","NULL","2018-11-09 11:55:28","0","NULL"
"230","4804","100","1","NULL","2018-11-09 11:55:36","0","NULL"
"231","4845","100","1","NULL","2018-11-09 12:00:50","0","NULL"
"232","4818","100","1","NULL","2018-11-09 12:26:31","0","NULL"
"233","3856","100","1","NULL","2018-11-09 13:08:59","0","NULL"
"234","4802","100","1","NULL","2018-11-09 13:25:12","0","NULL"
"235","4793","100","1","NULL","2018-11-09 13:44:34","0","NULL"
"236","4815","100","1","NULL","2018-11-09 13:46:14","0","NULL"
"237","4804","104","1","NULL","2018-11-09 13:47:21","50",""
"238","4807","100","1","NULL","2018-11-09 13:53:14","0","NULL"
"239","4807","104","1","NULL","2018-11-09 13:53:53","50",""
"240","4833","104","1","NULL","2018-11-09 14:34:26","60",""
"241","4798","100","1","NULL","2018-11-09 14:42:58","0","NULL"
"242","4798","104","1","NULL","2018-11-09 14:46:45","60",""
"243","4839","100","1","NULL","2018-11-09 14:56:34","0","NULL"
"244","4839","104","1","NULL","2018-11-09 14:56:39","50",""
"245","4794","100","1","NULL","2018-11-09 15:05:38","0","NULL"
"246","4794","104","1","NULL","2018-11-09 15:06:15","60",""
"247","4803","100","1","NULL","2018-11-09 15:13:25","0","NULL"
"248","4803","104","1","NULL","2018-11-09 15:13:28","60",""
"249","4842","100","1","NULL","2018-11-09 15:14:53","0","NULL"
"250","4784","100","1","NULL","2018-11-09 15:22:00","0","NULL"
"251","4785","100","1","NULL","2018-11-09 15:22:31","0","NULL"
"252","4784","104","1","NULL","2018-11-09 15:23:42","50",""
"253","4785","104","1","NULL","2018-11-09 15:24:05","50",""
"254","4799","100","1","NULL","2018-11-09 15:25:30","0","NULL"
"255","4799","104","1","NULL","2018-11-09 15:26:00","50",""
"256","4695","104","1","NULL","2018-11-09 15:33:46","60",""
"257","4815","104","1","NULL","2018-11-09 16:01:41","50",""
"258","4791","100","1","NULL","2018-11-09 16:19:08","0","NULL"
"259","4791","104","1","NULL","2018-11-09 16:19:12","50",""
"260","4822","100","1","NULL","2018-11-09 16:21:00","0","NULL"
"261","4822","104","1","NULL","2018-11-09 16:21:44","50",""
"262","4797","100","1","NULL","2018-11-09 16:33:22","0","NULL"
"263","4797","104","1","NULL","2018-11-09 16:34:08","50",""
"264","4811","100","1","NULL","2018-11-09 17:02:44","0","NULL"
"265","4811","104","1","NULL","2018-11-09 17:03:29","50",""
"266","4788","100","1","NULL","2018-11-09 17:09:21","0","NULL"
"267","4788","104","1","NULL","2018-11-09 17:09:31","55","Bonus task not finished."
"268","4830","100","1","NULL","2018-11-09 17:45:33","0","NULL"
"269","4830","104","1","NULL","2018-11-09 17:45:58","50",""
"270","4782","100","1","NULL","2018-11-09 18:51:27","0","NULL"
"271","4782","104","1","NULL","2018-11-09 18:51:33","50",""
"272","4827","100","1","NULL","2018-11-09 18:54:19","0","NULL"
"273","4827","104","1","NULL","2018-11-09 18:54:26","60",""
"274","4825","100","1","NULL","2018-11-09 18:54:35","0","NULL"
"275","4825","104","1","NULL","2018-11-09 18:54:39","50",""
"276","4823","100","1","NULL","2018-11-09 18:56:56","0","NULL"
"277","4823","104","1","NULL","2018-11-09 18:57:38","50",""
"278","3856","104","1","NULL","2018-11-09 18:59:04","60",""
"279","4793","104","1","NULL","2018-11-09 19:06:48","50",""
"280","4792","100","1","NULL","2018-11-09 19:27:23","0","NULL"
"281","4792","104","1","NULL","2018-11-09 19:31:38","50",""
"282","4824","100","1","NULL","2018-11-09 19:40:57","0","NULL"
"283","4824","104","1","NULL","2018-11-09 19:41:04","50",""
"284","4786","100","1","NULL","2018-11-09 19:59:10","0","NULL"
"285","4786","104","1","NULL","2018-11-09 19:59:19","50",""
"286","4262","104","1","NULL","2018-11-09 20:07:09","60",""
"287","4800","100","1","NULL","2018-11-09 20:55:53","0","NULL"
"288","4800","104","1","NULL","2018-11-09 20:56:04","55","Bonus task missing screenshot that show the access control works"
"289","4843","100","1","NULL","2018-11-09 21:28:04","0","NULL"
"290","4843","104","1","NULL","2018-11-09 21:28:14","50",""
"291","4764","100","1","NULL","2018-11-09 21:43:25","0","NULL"
"292","4764","104","1","NULL","2018-11-09 21:43:35","60",""
"293","4762","100","1","NULL","2018-11-09 21:48:50","0","NULL"
"294","4809","100","1","NULL","2018-11-09 21:53:26","0","NULL"
"295","4809","104","1","NULL","2018-11-09 21:53:30","50",""
"296","4842","104","1","NULL","2018-11-09 22:03:16","50",""
"297","4762","104","1","NULL","2018-11-09 22:23:21","60",""
"298","4789","100","1","NULL","2018-11-09 22:46:25","0","NULL"
"299","4789","104","1","NULL","2018-11-09 22:46:31","60",""
"300","4812","100","1","NULL","2018-11-09 22:47:41","0","NULL"
"301","4812","104","1","NULL","2018-11-09 22:47:52","60",""
"302","4812","102","1","NULL","2018-11-09 22:58:07","40","FTP not working,"
"303","4762","101","1","NULL","2018-11-09 22:59:42","50",""
"304","4762","102","1","NULL","2018-11-09 22:59:42","20","The main goal of this project is task 2.2, which you missed. "
"305","4818","104","1","NULL","2018-11-09 23:03:33","50",""
"306","4819","100","1","NULL","2018-11-09 23:04:30","0","NULL"
"307","4819","104","1","NULL","2018-11-09 23:07:00","60",""
"308","4787","100","1","NULL","2018-11-09 23:21:17","0","NULL"
"309","4787","104","1","NULL","2018-11-09 23:23:01","50",""
"310","4790","100","1","NULL","2018-11-09 23:44:12","0","NULL"
"311","4790","104","1","NULL","2018-11-09 23:44:42","50",""
"312","4817","100","1","NULL","2018-11-09 23:59:06","0","NULL"
"313","4817","104","1","NULL","2018-11-09 23:59:09","50",""
"314","4816","100","1","NULL","2018-11-10 00:11:32","0","NULL"
"315","4835","104","1","NULL","2018-11-10 14:54:39","25","didn't finish ssl part."
"316","4826","105","1","NULL","2018-11-11 21:17:52","50",""
"317","4808","104","1","NULL","2018-11-12 20:05:37","60",""
"318","4844","104","1","NULL","2018-11-12 20:06:49","50",""
"319","4836","105","1","NULL","2018-11-14 19:25:49","50",""
"320","4805","105","1","NULL","2018-11-14 20:31:36","60",""
"321","4788","105","1","NULL","2018-11-15 00:01:34","50",""
"322","4783","105","1","NULL","2018-11-15 02:07:40","50",""
"323","4814","105","1","NULL","2018-11-15 10:59:32","50",""
"324","4763","105","1","NULL","2018-11-15 12:02:06","50",""
"325","2964","105","1","NULL","2018-11-15 14:21:40","50",""
"326","4819","105","1","NULL","2018-11-15 23:55:57","50",""
"327","4781","105","1","NULL","2018-11-15 23:58:10","50",""
"328","4816","104","1","NULL","2018-11-16 03:38:04","50",""
"329","4822","105","1","NULL","2018-11-16 14:15:10","50",""
"330","4844","105","1","NULL","2018-11-16 14:35:36","50",""
"331","4842","105","1","NULL","2018-11-16 14:48:34","50",""
"332","4262","105","1","NULL","2018-11-16 15:04:45","60",""
"333","4789","105","1","NULL","2018-11-16 15:09:34","50",""
"334","4799","105","1","NULL","2018-11-16 16:11:14","50",""
"335","4821","105","1","NULL","2018-11-16 16:22:00","50",""
"336","4797","105","1","NULL","2018-11-16 16:26:21","50",""
"337","4829","105","1","NULL","2018-11-16 16:40:29","50",""
"338","4845","105","1","NULL","2018-11-16 16:58:52","50",""
"339","4839","105","1","NULL","2018-11-16 17:01:42","40","Missing screenshots that prove your snort rule is working,"
"340","4837","105","1","NULL","2018-11-16 17:33:34","60",""
"341","4800","105","1","NULL","2018-11-16 17:45:40","50",""
"342","4791","105","1","NULL","2018-11-16 17:56:52","50",""
"343","4807","105","1","NULL","2018-11-16 18:21:36","50",""
"344","4823","105","1","NULL","2018-11-16 20:00:44","50",""
"345","4774","105","1","NULL","2018-11-16 20:11:24","50",""
"346","4808","105","1","NULL","2018-11-16 20:20:24","52",""
"347","4804","105","1","NULL","2018-11-16 20:22:28","52",""
"348","4798","105","1","NULL","2018-11-16 20:37:13","50",""
"349","4794","105","1","NULL","2018-11-16 20:50:56","60",""
"350","4812","105","1","NULL","2018-11-16 21:21:00","50",""
"351","4830","105","1","NULL","2018-11-16 21:31:01","50",""
"352","4827","105","1","NULL","2018-11-16 21:36:49","60",""
"353","4833","105","1","NULL","2018-11-16 21:57:22","55","Half bonus points"
"354","4762","105","1","NULL","2018-11-16 22:12:17","50",""
"355","4803","105","1","NULL","2018-11-16 22:21:54","60",""
"356","4815","105","1","NULL","2018-11-16 22:54:33","50",""
"357","3856","105","1","NULL","2018-11-16 22:57:52","60",""
"358","4787","105","1","NULL","2018-11-16 23:03:03","50",""
"359","4818","105","1","NULL","2018-11-16 23:07:57","45","Missing log file screenshot"
"360","4792","105","1","NULL","2018-11-16 23:09:56","50",""
"361","4782","105","1","NULL","2018-11-16 23:19:16","50",""
"362","4785","105","1","NULL","2018-11-16 23:19:36","50",""
"363","4832","105","1","NULL","2018-11-16 23:22:09","60",""
"364","4784","105","1","NULL","2018-11-16 23:23:35","50",""
"365","4790","105","1","NULL","2018-11-16 23:30:49","50",""
"366","4780","105","1","NULL","2018-11-16 23:36:11","50",""
"367","4806","105","1","NULL","2018-11-16 23:37:55","50",""
"368","4843","105","1","NULL","2018-11-16 23:38:10","50",""
"369","4793","105","1","NULL","2018-11-16 23:39:53","50",""
"370","4811","105","1","NULL","2018-11-16 23:44:13","30","No icmp rules and alerts."
"371","4809","105","1","NULL","2018-11-16 23:52:25","50",""
"372","4816","105","1","NULL","2018-11-16 23:52:31","50",""
"373","4825","105","1","NULL","2018-11-16 23:56:21","50",""
"374","4824","105","1","NULL","2018-11-16 23:56:29","50",""
"375","4802","105","1","NULL","2018-11-16 23:57:50","50",""
"376","4801","105","1","NULL","2018-11-16 23:58:48","55",""
"377","4819","102","1","NULL","2018-11-27 15:40:32","40","late submission"
"378","4774","111","1","NULL","2018-11-27 16:02:46","60",""
"379","4826","111","1","NULL","2018-11-27 16:13:43","60",""
"380","4791","111","1","NULL","2018-11-27 21:39:28","60",""
"381","4780","104","1","NULL","2018-11-27 23:20:55","60",""
"382","4783","111","1","NULL","2018-11-28 13:21:38","60",""
"383","2964","111","1","NULL","2018-11-28 13:23:01","60",""
"384","4792","111","1","NULL","2018-11-28 13:42:16","60",""
"385","4789","111","1","NULL","2018-11-28 14:28:04","60",""
"386","4806","101","1","NULL","2018-11-28 14:49:45","40","Missing screenshot that prove bind DNS is working(nslookup)"
"387","4806","102","1","NULL","2018-11-28 14:49:45","30","Tasks not finished."
"388","4806","103","1","NULL","2018-11-28 14:49:45","0","NULL"
"389","4836","111","1","NULL","2018-11-28 15:38:29","60",""
"390","4798","111","1","NULL","2018-11-28 16:49:08","60",""
"391","4822","111","1","NULL","2018-11-28 17:25:29","60",""
"392","4801","111","1","NULL","2018-11-28 22:18:28","60",""
"393","4844","111","1","NULL","2018-11-29 02:23:16","60",""
"394","4830","111","1","NULL","2018-11-29 12:34:21","60",""
"395","4800","111","1","NULL","2018-11-29 13:15:08","60",""
"396","4829","111","1","NULL","2018-11-29 16:13:42","60",""
"397","4832","111","1","NULL","2018-11-29 16:59:40","60",""
"398","4804","111","1","NULL","2018-11-29 17:21:17","60",""
"399","4837","111","1","NULL","2018-11-29 17:40:58","60",""
"400","4784","111","1","NULL","2018-11-29 18:46:56","59",""
"403","4836","110","1","NULL","2018-11-30 11:31:21","0","NULL"
"404","4826","110","1","NULL","2018-11-30 11:31:30","0","NULL"
"405","4836","112","1","NULL","2018-11-30 11:32:04","0","NULL"
"406","4826","112","1","NULL","2018-11-30 11:32:04","0","NULL"
"407","4833","111","1","NULL","2018-11-30 12:19:15","60",""
"408","4774","110","1","NULL","2018-11-30 12:34:59","0","NULL"
"409","4324","104","1","NULL","2018-11-30 15:46:44","50",""
"410","4324","105","1","NULL","2018-11-30 15:46:44","50",""
"411","4783","110","1","NULL","2018-11-30 16:25:06","0","NULL"
"412","4781","111","1","NULL","2018-11-30 19:41:58","60",""
"413","4808","111","1","NULL","2018-11-30 19:41:59","60",""
"414","4774","112","1","NULL","2018-11-30 20:02:45","0","NULL"
"415","4791","110","1","NULL","2018-11-30 20:23:06","0","NULL"
"416","4791","112","1","NULL","2018-11-30 20:23:09","0","NULL"
"417","4763","111","1","NULL","2018-11-30 21:02:35","60",""
"418","4763","110","1","NULL","2018-11-30 21:03:45","0","NULL"
"419","4763","112","1","NULL","2018-11-30 21:03:48","0","NULL"
"420","4814","111","1","NULL","2018-11-30 21:45:17","60",""
"421","4782","111","1","NULL","2018-11-30 22:48:16","60",""
"422","4782","110","1","NULL","2018-11-30 22:52:42","0","NULL"
"423","4262","111","1","NULL","2018-12-01 02:37:48","60",""
"424","4262","110","1","NULL","2018-12-01 05:51:41","0","NULL"
"425","4262","112","1","NULL","2018-12-01 06:01:09","0","NULL"
"426","4786","111","1","NULL","2018-12-01 09:12:54","60",""
"427","4800","110","1","NULL","2018-12-01 11:01:55","0","NULL"
"428","4800","112","1","NULL","2018-12-01 11:02:00","0","NULL"
"429","4787","111","1","NULL","2018-12-01 18:29:28","60",""
"430","4821","110","1","NULL","2018-12-01 20:06:24","0","NULL"
"431","4785","111","1","NULL","2018-12-01 20:12:37","59",""
"432","4785","110","1","NULL","2018-12-01 20:15:47","0","NULL"
"433","4821","112","1","NULL","2018-12-01 20:22:58","0","NULL"
"434","4821","111","1","NULL","2018-12-01 20:23:07","59",""
"435","4782","112","1","NULL","2018-12-01 21:24:32","0","NULL"
"436","4784","110","1","NULL","2018-12-01 21:28:25","0","NULL"
"437","4784","112","1","NULL","2018-12-01 21:28:31","0","NULL"
"438","4785","112","1","NULL","2018-12-01 21:29:34","0","NULL"
"439","4824","111","1","NULL","2018-12-02 03:43:51","60",""
"440","4806","111","1","NULL","2018-12-02 07:55:54","60",""
"441","4806","110","1","NULL","2018-12-02 08:00:09","0","NULL"
"442","4805","111","1","NULL","2018-12-02 09:55:32","60",""
"443","4805","110","1","NULL","2018-12-02 10:22:42","0","NULL"
"444","4812","111","1","NULL","2018-12-02 12:43:32","60",""
"445","4843","111","1","NULL","2018-12-02 13:59:49","60",""
"446","4790","110","1","NULL","2018-12-02 14:13:05","0","NULL"
"447","4809","111","1","NULL","2018-12-02 14:22:36","60",""
"448","4695","110","1","NULL","2018-12-02 14:55:31","0","NULL"
"449","4695","112","1","NULL","2018-12-02 14:55:41","0","NULL"
"450","4695","111","1","NULL","2018-12-02 14:56:27","60",""
"451","4830","110","1","NULL","2018-12-02 15:43:32","0","NULL"
"452","4830","112","1","NULL","2018-12-02 15:55:36","0","NULL"
"453","3856","110","1","NULL","2018-12-02 15:56:36","0","NULL"
"454","4781","110","1","NULL","2018-12-02 16:27:30","0","NULL"
"455","4807","111","1","NULL","2018-12-02 16:47:22","60",""
"456","4807","110","1","NULL","2018-12-02 16:48:24","0","NULL"
"457","4807","112","1","NULL","2018-12-02 16:48:33","0","NULL"
"458","4817","110","1","NULL","2018-12-02 16:51:55","0","NULL"
"459","4817","111","1","NULL","2018-12-02 16:53:17","59",""
"460","4817","112","1","NULL","2018-12-02 16:53:24","0","NULL"
"461","2964","110","1","NULL","2018-12-02 17:02:29","0","NULL"
"462","4802","110","1","NULL","2018-12-02 17:04:48","0","NULL"
"463","4802","111","1","NULL","2018-12-02 17:05:01","60",""
"464","4802","112","1","NULL","2018-12-02 17:05:17","0","NULL"
"465","4822","110","1","NULL","2018-12-02 17:11:37","0","NULL"
"466","4822","112","1","NULL","2018-12-02 17:11:45","0","NULL"
"467","4792","110","1","NULL","2018-12-02 17:42:41","0","NULL"
"468","4783","112","1","NULL","2018-12-02 17:56:36","0","NULL"
"469","4790","112","1","NULL","2018-12-02 18:03:25","0","NULL"
"470","4790","111","1","NULL","2018-12-02 18:03:31","60",""
"471","2964","112","1","NULL","2018-12-02 18:06:25","0","NULL"
"472","4824","110","1","NULL","2018-12-02 18:20:53","0","NULL"
"473","4789","110","1","NULL","2018-12-02 18:29:24","0","NULL"
"474","4816","110","1","NULL","2018-12-02 18:46:51","0","NULL"
"475","4823","111","1","NULL","2018-12-02 18:48:15","60",""
"476","4818","111","1","NULL","2018-12-02 18:59:29","59",""
"477","4793","111","1","NULL","2018-12-02 19:35:03","60",""
"478","4823","110","1","NULL","2018-12-02 19:55:59","0","NULL"
"479","4823","112","1","NULL","2018-12-02 19:56:03","0","NULL"
"480","4815","110","1","NULL","2018-12-02 20:08:50","0","NULL"
"481","4837","110","1","NULL","2018-12-02 20:09:08","0","NULL"
"482","4837","112","1","NULL","2018-12-02 20:09:11","0","NULL"
"483","4815","111","1","NULL","2018-12-02 20:09:45","60",""
"484","4804","110","1","NULL","2018-12-02 20:10:01","0","NULL"
"485","4804","112","1","NULL","2018-12-02 20:10:20","0","NULL"
"486","4832","110","1","NULL","2018-12-02 20:10:36","0","NULL"
"487","4832","112","1","NULL","2018-12-02 20:11:16","0","NULL"
"488","4843","110","1","NULL","2018-12-02 20:19:08","0","NULL"
"489","4815","112","1","NULL","2018-12-02 20:22:28","0","NULL"
"490","4788","111","1","NULL","2018-12-02 20:30:47","60",""
"491","4794","110","1","NULL","2018-12-02 20:35:29","0","NULL"
"492","4794","111","1","NULL","2018-12-02 20:37:39","60",""
"493","4794","112","1","NULL","2018-12-02 20:38:00","0","NULL"
"494","4827","111","1","NULL","2018-12-02 20:38:51","60",""
"495","4796","111","1","NULL","2018-12-02 20:39:05","59",""
"496","4816","111","1","NULL","2018-12-02 20:40:09","60",""
"497","4816","112","1","NULL","2018-12-02 20:40:25","0","NULL"
"498","4827","110","1","NULL","2018-12-02 20:40:45","0","NULL"
"499","4827","112","1","NULL","2018-12-02 20:40:51","0","NULL"
"500","4798","110","1","NULL","2018-12-02 20:43:25","0","NULL"
"501","4796","110","1","NULL","2018-12-02 20:47:29","0","NULL"
"502","4796","112","1","NULL","2018-12-02 20:48:58","0","NULL"
"503","4787","110","1","NULL","2018-12-02 20:49:20","0","NULL"
"504","4798","112","1","NULL","2018-12-02 20:49:25","0","NULL"
"505","4787","112","1","NULL","2018-12-02 20:49:29","0","NULL"
"506","4812","110","1","NULL","2018-12-02 20:52:20","0","NULL"
"507","4812","112","1","NULL","2018-12-02 20:52:25","0","NULL"
"508","4324","111","1","NULL","2018-12-02 20:56:54","60",""
"509","4824","112","1","NULL","2018-12-02 21:01:51","0","NULL"
"510","4844","110","1","NULL","2018-12-02 21:11:45","0","NULL"
"511","4825","110","1","NULL","2018-12-02 21:33:14","0","NULL"
"512","4825","111","1","NULL","2018-12-02 21:34:07","60",""
"513","4825","112","1","NULL","2018-12-02 21:34:35","0","NULL"
"514","4843","112","1","NULL","2018-12-02 21:36:31","0","NULL"
"515","4809","110","1","NULL","2018-12-02 21:37:33","0","NULL"
"516","4809","112","1","NULL","2018-12-02 21:38:55","0","NULL"
"517","4829","110","1","NULL","2018-12-02 21:55:12","0","NULL"
"518","4829","112","1","NULL","2018-12-02 21:55:17","0","NULL"
"519","4780","110","1","NULL","2018-12-02 22:07:42","0","NULL"
"520","4762","110","1","NULL","2018-12-02 22:07:49","0","NULL"
"521","3856","111","1","NULL","2018-12-02 22:12:41","60",""
"522","3856","112","1","NULL","2018-12-02 22:13:07","0","NULL"
"523","4780","112","1","NULL","2018-12-02 22:13:39","0","NULL"
"524","4803","110","1","NULL","2018-12-02 22:13:57","0","NULL"
"525","4781","112","1","NULL","2018-12-02 22:20:53","0","NULL"
"526","4786","110","1","NULL","2018-12-02 22:43:37","0","NULL"
"527","4786","112","1","NULL","2018-12-02 22:44:01","0","NULL"
"528","4839","111","1","NULL","2018-12-02 22:47:37","60",""
"529","4806","112","1","NULL","2018-12-02 22:47:40","0","NULL"
"530","4844","112","1","NULL","2018-12-02 22:47:41","0","NULL"
"531","4799","111","1","NULL","2018-12-02 22:47:50","60",""
"532","4839","110","1","NULL","2018-12-02 22:48:07","0","NULL"
"533","4839","112","1","NULL","2018-12-02 22:48:11","0","NULL"
"534","4819","111","1","NULL","2018-12-02 22:48:42","60",""
"535","4789","112","1","NULL","2018-12-02 22:48:50","0","NULL"
"536","4799","110","1","NULL","2018-12-02 22:49:56","0","NULL"
"537","4799","112","1","NULL","2018-12-02 22:50:35","0","NULL"
"538","4792","112","1","NULL","2018-12-02 22:50:40","0","NULL"
"539","4819","110","1","NULL","2018-12-02 22:51:29","0","NULL"
"540","4819","112","1","NULL","2018-12-02 22:51:31","0","NULL"
"541","4324","110","1","NULL","2018-12-02 22:52:45","0","NULL"
"542","4324","112","1","NULL","2018-12-02 22:53:05","0","NULL"
"543","4811","110","1","NULL","2018-12-02 22:56:06","0","NULL"
"544","4788","110","1","NULL","2018-12-02 22:57:22","0","NULL"
"545","4788","112","1","NULL","2018-12-02 22:57:38","0","NULL"
"546","4793","110","1","NULL","2018-12-02 22:59:39","0","NULL"
"547","4805","112","1","NULL","2018-12-02 23:00:22","0","NULL"
"548","4793","112","1","NULL","2018-12-02 23:00:32","0","NULL"
"549","4797","110","1","NULL","2018-12-02 23:06:20","0","NULL"
"550","4797","111","1","NULL","2018-12-02 23:06:32","60",""
"551","4797","112","1","NULL","2018-12-02 23:06:41","0","NULL"
"552","4811","111","1","NULL","2018-12-02 23:11:49","60",""
"553","4811","112","1","NULL","2018-12-02 23:12:05","0","NULL"
"554","4833","110","1","NULL","2018-12-02 23:22:53","0","NULL"
"555","4833","112","1","NULL","2018-12-02 23:23:03","0","NULL"
"556","4818","110","1","NULL","2018-12-02 23:34:36","0","NULL"
"557","4801","110","1","NULL","2018-12-02 23:35:38","0","NULL"
"558","4801","112","1","NULL","2018-12-02 23:36:51","0","NULL"
"559","4818","112","1","NULL","2018-12-02 23:36:51","0","NULL"
"560","4842","111","1","NULL","2018-12-03 11:37:51","60",""
"561","4842","112","1","NULL","2018-12-03 11:38:02","0","NULL"
"562","4780","111","1","NULL","2018-12-04 06:23:39","60",""
"563","4835","111","1","NULL","2018-12-04 08:09:35","0","NULL"
"564","4835","112","1","NULL","2018-12-04 08:09:35","0","NULL"
"565","4786","105","1","NULL","2018-12-04 08:12:09","50",""
"566","4764","105","1","NULL","2018-12-04 23:23:16","50",""
"567","4764","111","1","NULL","2018-12-04 23:23:41","60",""
"568","4803","111","1","NULL","2018-12-04 23:28:01","60",""
